a,A000
a,A000
abilities,A143
ability,A143
ability's,A143
able,A140
about,A130
above,A110
absence,A125
absolute,A124
absolutely,A124
abuse,A120
academic,A235
accept,A213
acceptable,A213
accepted,A213
accepting,A213
accepts,A213
access,A220
accessible,A221
accident,A235
accidental,A235
accidentally,A235
accord,A263
accorded,A263
according,A263
accordingly,A263
accords,A263
account,A253
account's,A253
accounts,A253
accuracy,A262
accurate,A263
achieve,A210
achieved,A213
achieves,A212
achieving,A215
acquire,A226
acquired,A226
acquires,A226
acquiring,A226
across,A262
act,A230
act's,A232
acted,A233
acting,A235
action,A235
action's,A235
actions,A235
active,A231
activities,A231
activity,A231
activity's,A231
acts,A232
actual,A234
actually,A234
add,A300
added,A330
adding,A352
addition,A335
additional,A335
address,A362
address's,A362
addressed,A362
addresses,A362
addressing,A362
adds,A320
adequate,A323
adjust,A322
administration,A355
admit,A353
admits,A353
admitted,A353
admittedly,A353
admitting,A353
adopt,A313
adopted,A313
adopting,A313
adopts,A313
advance,A315
advanced,A315
advances,A315
advancing,A315
advantage,A315
advantage's,A315
advantages,A315
advertise,A316
advertised,A316
advertises,A316
advertising,A316
advice,A312
advise,A312
advised,A312
advises,A312
advising,A312
affair,A160
affair's,A162
affairs,A162
affect,A123
affect's,A123
affected,A123
affecting,A123
affects,A123
afford,A163
afraid,A163
after,A136
afternoon,A136
afterwards,A136
again,A250
against,A252
age,A200
age's,A220
agency,A252
ages,A220
ago,A200
agree,A260
agreed,A263
agreeing,A265
agreement,A265
agrees,A262
ahead,A300
aid,A300
aim,A500
aimed,A530
aiming,A552
aims,A520
air,A600
alarm,A465
album,A415
algorithm,A426
algorithm's,A426
algorithms,A426
alias,A420
alive,A410
all,A400
allow,A400
allowed,A430
allowing,A452
allows,A420
almost,A452
alone,A450
along,A452
already,A463
also,A420
alter,A436
altered,A436
altering,A436
alternate,A436
alternative,A436
alternative's,A436
alternatively,A436
alternatives,A436
alters,A436
although,A432
altogether,A432
always,A420
am,A500
ambiguous,A512
amount,A553
amount's,A553
amounts,A553
amuse,A520
amused,A523
amuses,A522
amusing,A525
an,A500
analogue,A542
analysis,A542
ancient,A525
and,A530
angle,A524
angry,A526
animal,A554
announce,A552
announcement,A552
annoy,A500
annoyed,A530
annoying,A552
annoys,A520
annual,A540
anonymous,A555
another,A536
answer,A526
answer's,A526
answered,A526
answering,A526
answers,A526
any,A500
anybody,A513
anyone,A550
anyplace,A514
anything,A535
anyway,A500
anywhere,A560
apart,A163
apologies,A142
apology,A142
apology's,A142
apparent,A165
apparently,A165
appeal,A140
appear,A160
appearance,A165
appeared,A163
appearing,A165
appears,A162
apple,A140
application,A142
application's,A142
applications,A142
applied,A143
applies,A142
apply,A140
applying,A145
appreciate,A162
appreciated,A162
appreciates,A162
appreciating,A162
approach,A162
appropriate,A161
approval,A161
approve,A161
approved,A161
approves,A161
approving,A161
arbitrary,A613
are,A600
area,A600
area's,A620
areas,A620
argue,A620
argued,A623
argues,A622
arguing,A625
argument,A625
argument's,A625
arguments,A625
arise,A620
arises,A622
arithmetic,A635
arm,A650
army,A650
around,A653
arrange,A652
arranged,A652
arrangement,A652
arrangement's,A652
arrangements,A652
arranges,A652
arranging,A652
arrive,A610
arrived,A613
arrives,A612
arriving,A615
art,A630
article,A632
article's,A632
articles,A632
artificial,A631
artist,A632
as,A200
aside,A230
ask,A220
asked,A223
asking,A225
asks,A222
asleep,A241
aspect,A212
aspect's,A212
aspects,A212
assembler,A251
assembly,A251
assistant,A223
associate,A223
associated,A223
associates,A223
associating,A223
association,A223
assume,A250
assumed,A253
assumes,A252
assuming,A255
assumption,A251
assure,A260
assured,A263
assures,A262
assuring,A265
at,A300
ate,A300
atmosphere,A352
attach,A320
attached,A323
attaching,A325
attachés,A322
attack,A322
attempt,A351
attempt's,A351
attempted,A351
attempting,A351
attempts,A351
attend,A353
attended,A353
attending,A353
attends,A353
attention,A353
attitude,A333
attract,A362
attractive,A362
audience,A352
author,A360
author's,A362
authorities,A363
authority,A363
authority's,A363
authors,A362
automatic,A353
automatically,A353
automobile,A351
autumn,A355
autumn's,A355
available,A141
average,A162
avoid,A130
avoided,A133
avoiding,A135
avoids,A132
awake,A200
award,A630
aware,A600
away,A000
awful,A140
awkward,A263
back,B220
backed,B223
background,B222
backing,B225
backs,B222
backwards,B226
bad,B300
badly,B340
balance,B452
ball,B400
ban,B500
band,B530
bank,B520
bar,B600
bar's,B620
bars,B620
base,B200
based,B230
bases,B220
basic,B220
basically,B224
basing,B252
basis,B220
battery,B360
be,B000
bear,B600
bear's,B620
bearing,B652
bears,B620
beautiful,B314
became,B250
because,B220
become,B250
becomes,B252
becoming,B255
bed,B300
been,B500
before,B160
beforehand,B165
began,B250
begin,B250
beginning,B255
begins,B252
begun,B250
behalf,B410
behave,B100
behind,B530
being,B520
believe,B410
believed,B413
believes,B412
believing,B415
belong,B452
belongs,B452
below,B400
benefit,B513
benefit's,B513
benefits,B513
besides,B232
best,B230
bet,B300
bets,B320
better,B360
betting,B352
between,B350
beyond,B530
bid,B300
bidding,B352
bids,B320
big,B200
bigger,B260
biggest,B223
bill,B400
binary,B560
bind,B530
binding,B535
binds,B532
biology,B420
bit,B300
bit's,B320
bite,B300
bites,B320
biting,B352
bits,B320
bitten,B350
bizarre,B260
black,B422
blame,B450
blank,B452
block,B422
blow,B400
blue,B400
board,B630
board's,B632
boards,B632
boat,B300
bodies,B320
body,B300
body's,B320
book,B200
book's,B220
books,B220
boot,B300
bore,B600
borne,B650
borrow,B600
borrowed,B630
borrowing,B652
borrows,B620
both,B300
bother,B360
bothered,B363
bothering,B365
bothers,B362
bottle,B340
bottom,B350
bought,B230
bound,B530
box,B200
box's,B220
boxes,B220
boy,B000
bracket,B622
bracket's,B622
brackets,B622
branch,B652
branch's,B652
branches,B652
brand,B653
breach,B620
break,B620
break's,B622
breaking,B625
breaks,B622
bridge,B632
brief,B610
briefly,B614
bright,B623
bring,B652
bringing,B652
brings,B652
broadcast,B632
broadcasting,B632
broadcasts,B632
broke,B620
broken,B625
brother,B636
brought,B623
brown,B650
bucket,B223
budget,B323
buffer,B160
bug,B200
bug's,B220
bugs,B220
build,B430
building,B435
building's,B435
buildings,B435
builds,B432
built,B430
bulk,B420
bulletin,B435
buried,B630
buries,B620
bury,B600
burying,B652
bus,B200
business,B252
busy,B200
but,B300
button,B350
buy,B000
buying,B520
buys,B200
by,B000
byte,B300
byte's,B320
bytes,B320
calculate,C424
calculation,C424
calculation's,C424
calculations,C424
call,C400
call's,C420
called,C430
calling,C452
calls,C420
came,C500
campaign,C512
can,C500
candidate,C533
cannot,C530
capable,C114
capacity,C123
capital,C134
captain,C135
car,C600
card,C630
card's,C632
cardboard,C631
cards,C632
care,C600
care's,C620
careful,C614
carefully,C614
cares,C620
carried,C630
carries,C620
carry,C600
carry's,C620
carrying,C652
case,C200
case's,C220
cases,C220
cassette,C230
cat,C300
catch,C320
catches,C322
catching,C325
categories,C326
category,C326
category's,C326
caught,C230
cause,C200
cause's,C220
caused,C230
causes,C220
causing,C252
cease,C200
cell,C400
cent,C530
central,C536
century,C536
certain,C635
certainly,C635
chain,C500
chair,C600
chairman,C655
chance,C520
chance's,C522
chances,C522
change,C520
change's,C522
changed,C523
changes,C522
changing,C525
channel,C540
channel's,C542
channels,C542
chaos,C200
chapter,C136
char,C600
char's,C620
character,C623
character's,C623
characters,C623
charge,C620
charge's,C622
charged,C623
charges,C622
charging,C625
chars,C620
cheap,C100
cheaper,C160
cheapest,C123
check,C220
check's,C222
checked,C223
checking,C225
checks,C222
chemical,C524
child,C430
child's,C432
children,C436
chip,C100
chip's,C120
chips,C120
choice,C200
choose,C200
chooses,C220
choosing,C252
chose,C200
chosen,C250
church,C620
circle,C624
circuit,C623
circulation,C624
circumstance,C625
circumstance's,C625
circumstances,C625
citizen,C325
city,C300
claim,C450
claim's,C452
claimed,C453
claiming,C455
claims,C452
clarify,C461
class,C420
class's,C422
classes,C422
clean,C450
clear,C460
cleared,C463
clearer,C466
clearest,C462
clearing,C465
clearly,C464
clears,C462
clever,C416
clock,C422
close,C420
closed,C423
closely,C424
closer,C426
closes,C422
closest,C422
closing,C425
club,C410
clue,C400
code,C300
code's,C320
coded,C330
codes,C320
coding,C352
coffee,C100
cold,C430
collapse,C412
collect,C423
collected,C423
collecting,C423
collection,C423
collects,C423
college,C420
college's,C422
colleges,C422
column,C455
combination,C515
combination's,C515
combinations,C515
combine,C515
combined,C515
combines,C515
combining,C515
come,C500
comes,C520
coming,C552
command,C553
command's,C553
commands,C553
comment,C553
comment's,C553
commented,C553
commenting,C553
comments,C553
commercial,C562
commission,C525
commitment,C535
committee,C530
common,C550
commonly,C554
communicate,C552
communication,C552
communication's,C552
communications,C552
community,C553
company,C515
comparable,C516
comparatively,C516
compare,C516
compared,C516
compares,C516
comparing,C516
comparison,C516
compatibility,C513
compatible,C513
competition,C513
compiler,C514
complain,C514
complained,C514
complaining,C514
complains,C514
complaint,C514
complaint's,C514
complaints,C514
complete,C514
completed,C514
completely,C514
completes,C514
completing,C514
complex,C514
complexity,C514
complicate,C514
complicated,C514
complicates,C514
complicating,C514
component,C515
component's,C515
components,C515
compose,C512
composed,C512
composes,C512
composing,C512
composition,C512
comprehensive,C516
compromise,C516
compulsory,C514
compute,C513
computed,C513
computer,C513
computer's,C513
computers,C513
computes,C513
computing,C513
concept,C521
concern,C526
concern's,C526
concerned,C526
concerning,C526
concerns,C526
conclusion,C524
concrete,C526
condition,C533
condition's,C533
conditions,C533
conference,C516
confident,C513
confirm,C516
confirmed,C516
confirming,C516
confirms,C516
confuse,C512
confused,C512
confuses,C512
confusing,C512
confusion,C512
connect,C523
connected,C523
connecting,C523
connection,C523
connection's,C523
connections,C523
connects,C523
consequence,C522
consequence's,C522
consequences,C522
consequently,C522
consider,C523
considerable,C523
considerably,C523
consideration,C523
considered,C523
considering,C523
considers,C523
consist,C522
consistency,C522
consistent,C522
consists,C522
constant,C523
constraint,C523
constraint's,C523
constraints,C523
construct,C523
consumption,C525
contact,C532
contain,C535
contained,C535
containing,C535
contains,C535
content,C535
content's,C535
contents,C535
context,C532
continually,C535
continuation,C535
continue,C535
continued,C535
continues,C535
continuing,C535
continuous,C535
continuously,C535
contract,C536
contrary,C536
contrast,C536
contribute,C536
contribution,C536
contribution's,C536
contributions,C536
control,C536
control's,C536
controlled,C536
controlling,C536
controls,C536
convenient,C515
convention,C515
convention's,C515
conventional,C515
conventions,C515
conversation,C516
convert,C516
convince,C515
convinced,C515
convinces,C515
convincing,C515
cope,C100
copied,C130
copies,C120
copy,C100
copy's,C120
copying,C152
core,C600
corner,C656
corner's,C656
corners,C656
correct,C623
corrected,C623
correcting,C623
correction,C623
correctly,C623
corrects,C623
corrupt,C613
corrupted,C613
corrupting,C613
corrupts,C613
cost,C230
cost's,C232
costing,C235
costs,C232
could,C430
council,C524
count,C530
count's,C532
counted,C533
counter,C536
counting,C535
country,C536
counts,C532
county,C530
couple,C140
course,C620
course's,C622
courses,C622
court,C630
cover,C160
cover's,C162
covered,C163
covering,C165
covers,C162
crash,C620
crash's,C622
crashed,C623
crashes,C622
crashing,C625
crazy,C620
create,C630
created,C633
creates,C632
creating,C635
creation,C635
creature,C636
credit,C633
crisis,C622
crisp,C621
crisp's,C621
crisps,C621
critical,C632
criticism,C632
cross,C620
cry,C600
cs,C200
culture,C436
cumming,C552
cums,C520
cup,C100
cure,C600
curious,C620
current,C653
currently,C653
cursor,C626
customer,C235
cut,C300
cuts,C320
cutting,C352
cycle,C240
cycle's,C242
cycles,C242
daily,D400
damage,D520
damaged,D523
damages,D522
damaging,D525
danger,D526
dangerous,D526
dare,D600
dark,D620
data,D300
database,D312
date,D300
date's,D320
dated,D330
dates,D320
dating,D352
datum,D350
datum's,D352
day,D000
day's,D200
days,D200
dead,D300
dead's,D320
deal,D400
deal's,D420
dealing,D452
deals,D420
dealt,D430
dear,D600
death,D300
debate,D130
decade,D230
decent,D253
decide,D230
decided,D233
decides,D232
deciding,D235
decision,D225
decision's,D225
decisions,D225
declare,D246
declared,D246
declares,D246
declaring,D246
decrease,D262
dedicate,D323
dedicated,D323
dedicates,D323
dedicating,D323
deduce,D320
deem,D500
deemed,D530
deeming,D552
deems,D520
deep,D100
deeply,D140
default,D143
define,D150
defined,D153
defines,D152
defining,D155
definite,D153
definitely,D153
definition,D153
definition's,D153
definitions,D153
definitive,D153
degree,D260
degree's,D262
degrees,D262
delay,D400
delete,D430
deleted,D433
deletes,D432
deleting,D435
deliberate,D416
deliberately,D416
deliver,D416
delivered,D416
delivering,D416
delivers,D416
delivery,D416
demand,D553
demand's,D553
demands,D553
democratic,D526
demonstrate,D552
demonstration,D552
department,D163
depend,D153
depended,D153
depending,D153
depends,D153
depth,D130
derive,D610
derived,D613
derives,D612
deriving,D615
describe,D226
described,D226
describes,D226
describing,D226
description,D226
description's,D226
descriptions,D226
design,D225
designed,D225
designing,D225
designs,D225
desirable,D261
desire,D260
desired,D263
desires,D262
desiring,D265
desk,D220
desperate,D216
despite,D213
destroy,D236
destroyed,D236
destroying,D236
destroys,D236
detail,D340
detail's,D342
detailed,D343
detailing,D345
details,D342
detect,D323
detected,D323
detecting,D323
detects,D323
determine,D365
determined,D365
determines,D365
determining,D365
develop,D141
developed,D141
developing,D141
development,D141
develops,D141
device,D120
device's,D122
devices,D122
devote,D130
devoted,D133
devotes,D132
devoting,D135
dictionary,D235
did,D300
die,D000
died,D300
dies,D200
differ,D160
difference,D165
difference's,D165
differences,D165
different,D165
differently,D165
difficult,D124
difficulties,D124
difficulty,D124
difficulty's,D124
digit,D230
digit's,D232
digital,D234
digits,D232
dinner,D560
direct,D623
directed,D623
directing,D623
direction,D623
direction's,D623
directions,D623
directly,D623
director,D623
directory,D623
directs,D623
dirty,D630
disadvantage,D231
disagree,D226
disappear,D216
disappeared,D216
disappearing,D216
disappears,D216
disaster,D223
disc,D220
disc's,D222
discipline,D221
discount,D225
discourage,D226
discouraged,D226
discourages,D226
discouraging,D226
discover,D221
discovered,D221
discovering,D221
discovers,D221
discs,D222
discuss,D222
discussed,D222
discusses,D222
discussing,D222
discussion,D222
discussion's,D222
discussions,D222
disk,D220
dislike,D242
display,D214
displayed,D214
displaying,D214
displays,D214
distance,D235
distant,D235
distinct,D235
distinction,D235
distinctly,D235
distinguish,D235
distribute,D236
distributed,D236
distributes,D236
distributing,D236
distribution,D236
district,D236
disturb,D236
disturbed,D236
disturbing,D236
disturbs,D236
ditto,D300
divide,D130
divided,D133
divides,D132
dividing,D135
division,D125
do,D000
document,D255
document's,D255
documentation,D255
documented,D255
documenting,D255
documents,D255
doe,D000
doe's,D200
does,D200
dog,D200
doing,D520
dollar,D460
domain,D550
done,D500
door,D600
door's,D620
doors,D620
double,D140
doubt,D130
doubtful,D131
down,D500
dozen,D250
dozen's,D252
dozens,D252
drastic,D623
draw,D600
draw's,D620
drawing,D652
drawn,D650
draws,D620
dream,D650
drew,D600
drink,D652
drive,D610
drive's,D612
driven,D615
driver,D616
driver's,D616
drivers,D616
drives,D612
driving,D615
drop,D610
dropped,D613
dropping,D615
drops,D612
drove,D610
dry,D600
dubious,D120
due,D000
dumb,D510
dump,D510
during,D652
duty,D300
dying,D520
each,E200
earlier,E646
earliest,E642
early,E640
earth,E630
ease,E200
easier,E260
easiest,E223
easily,E240
east,E230
easy,E200
eat,E300
eaten,E350
eating,E352
eats,E320
economic,E255
economy,E255
edge,E320
edit,E330
edited,E333
editing,E335
edition,E335
editor,E336
editor's,E336
editors,E336
edits,E332
education,E323
educational,E323
effect,E123
effect's,E123
effective,E123
effectively,E123
effects,E123
efficient,E125
effort,E163
effort's,E163
efforts,E163
eight,E230
either,E360
elect,E423
elected,E423
electing,E423
election,E423
electric,E423
electronic,E423
electronics,E423
elects,E423
element,E455
element's,E455
elements,E455
elevator,E413
else,E420
elsewhere,E426
embarrass,E516
embarrassed,E516
embarrasses,E516
embarrassing,E516
emergency,E562
emphasis,E512
employee,E514
empty,E513
enable,E514
enables,E514
encounter,E525
encountered,E525
encountering,E525
encounters,E525
encourage,E526
encouraged,E526
encourages,E526
encouraging,E526
end,E530
end's,E532
ended,E533
ending,E535
ends,E532
enemy,E550
engineer,E525
engineer's,E525
engineered,E525
engineering,E525
engineers,E525
enjoy,E520
enormous,E565
enough,E520
ensure,E526
ensured,E526
ensures,E526
ensuring,E526
enter,E536
entered,E536
entering,E536
enters,E536
entire,E536
entirely,E536
entitle,E533
entitled,E533
entitles,E533
entitling,E533
entity,E533
entrance,E536
entries,E536
entry,E536
entry's,E536
environment,E516
equal,E240
equally,E240
equipment,E215
equivalent,E214
eraser,E626
err,E600
error,E660
error's,E662
errors,E662
escape,E221
especially,E212
essential,E253
essentially,E253
establish,E231
established,E231
establishes,E231
establishing,E231
establishment,E231
estimate,E235
even,E150
evened,E153
evening,E155
evening's,E155
evenings,E155
evens,E152
event,E153
event's,E153
events,E153
eventually,E153
ever,E160
every,E160
everybody,E161
everyone,E165
everything,E163
everywhere,E166
evidence,E135
exact,E223
exactly,E223
examine,E255
examined,E255
examines,E255
examining,E255
example,E251
example's,E251
examples,E251
excellent,E224
except,E221
exception,E221
exception's,E221
exceptions,E221
excess,E222
excessive,E222
exchange,E225
exclude,E224
excluded,E224
excludes,E224
excluding,E224
exclusive,E224
excuse,E222
execute,E223
executed,E223
executes,E223
executing,E223
exercise,E262
exist,E223
existed,E223
existence,E223
existing,E223
exists,E223
expand,E215
expanded,E215
expanding,E215
expands,E215
expansion,E215
expect,E212
expected,E212
expecting,E212
expects,E212
expense,E215
expensive,E215
experience,E216
experience's,E216
experienced,E216
experiences,E216
experiencing,E216
experiment,E216
experiment's,E216
experimental,E216
experiments,E216
expert,E216
expert's,E216
experts,E216
explain,E214
explained,E214
explaining,E214
explains,E214
explanation,E214
explicit,E214
express,E216
expressed,E216
expresses,E216
expressing,E216
expression,E216
extend,E235
extended,E235
extending,E235
extends,E235
extension,E235
extensive,E235
extent,E235
external,E236
extra,E236
extract,E236
extreme,E236
extremely,E236
eye,E000
eye's,E200
eyes,E200
face,F200
facilities,F243
facility,F243
facility's,F243
fact,F230
fact's,F232
factor,F236
factor's,F236
factors,F236
facts,F232
fail,F400
failed,F430
failing,F452
fails,F420
failure,F460
fair,F600
fairly,F640
faith,F300
fall,F400
fall's,F420
fallen,F450
falling,F452
falls,F420
FALSE,F000
familiar,F546
family,F540
famous,F520
fan,F500
fancy,F520
far,F600
farm,F650
farther,F636
farthest,F632
fashion,F250
fast,F230
faster,F236
fastest,F232
fatal,F340
fate,F300
father,F360
fault,F430
fault's,F432
faults,F432
fear,F600
feasible,F214
feature,F360
feature's,F362
features,F362
fed,F300
federal,F364
feed,F300
feedback,F312
feeding,F352
feeds,F320
feel,F400
feel's,F420
feeling,F452
feels,F420
feet,F300
fell,F400
felt,F430
few,F000
fewer,F600
fewest,F230
field,F430
field's,F432
fields,F432
fight,F230
figure,F260
figure's,F262
figures,F262
file,F400
file's,F420
filed,F430
files,F420
filing,F452
fill,F400
filled,F430
filling,F452
fills,F420
film,F450
final,F540
finally,F540
financial,F552
find,F530
find's,F532
finding,F535
finds,F532
fine,F500
finger,F526
finger's,F526
fingers,F526
finish,F520
finished,F523
finishes,F522
finishing,F525
finite,F530
fire,F600
firm,F650
firmly,F654
first,F623
firstly,F623
fiscal,F224
fish,F200
fish's,F220
fishes,F220
fit,F300
fit's,F320
fits,F320
fitted,F330
fitting,F352
five,F100
fix,F200
fixed,F230
fixes,F220
fixing,F252
flag,F420
flash,F420
flashed,F423
flashes,F422
flashing,F425
flat,F430
flew,F400
flexible,F421
flied,F430
flies,F420
flight,F423
float,F430
floated,F433
floating,F435
floats,F432
floor,F460
flow,F400
flown,F450
fly,F400
fly's,F420
flying,F452
folk,F420
folk's,F422
folks,F422
follow,F400
followed,F430
following,F452
follows,F420
food,F300
foot,F300
foot's,F320
for,F600
force,F620
force's,F622
forced,F623
forces,F622
forcing,F625
foreign,F625
forever,F616
forget,F623
forgets,F623
forgetting,F623
forgot,F623
forgotten,F623
form,F650
form's,F652
formal,F654
format,F653
formed,F653
former,F656
forming,F655
forms,F652
forth,F630
forthcoming,F632
fortunately,F635
fortune,F635
forward,F663
found,F530
four,F600
fourth,F630
fraction,F623
frame,F650
free,F600
freedom,F635
freely,F640
french,F652
frequent,F625
frequently,F625
fresh,F620
friend,F653
friend's,F653
friendly,F653
friends,F653
fries,F620
from,F650
front,F653
fry,F600
fry's,F620
full,F400
fully,F400
fun,F500
function,F523
function's,F523
functions,F523
fund,F530
fund's,F532
fundamental,F535
fundamentally,F535
funds,F532
funny,F500
further,F636
furthest,F632
future,F360
gain,G500
gained,G530
gaining,G552
gains,G520
game,G500
game's,G520
games,G520
gap,G100
garbage,G612
garden,G635
gas,G200
gasoline,G245
gather,G360
gave,G100
general,G564
generally,G564
generate,G563
generated,G563
generates,G563
generating,G563
generation,G563
genuine,G550
get,G300
gets,G320
getting,G352
girl,G640
give,G100
given,G150
gives,G120
giving,G152
glad,G430
glass,G420
global,G414
go,G000
go's,G200
goes,G200
going,G520
gone,G500
good,G300
goods,G320
got,G300
gotten,G350
government,G165
governor,G165
gradually,G634
graduate,G633
grand,G653
grand's,G653
grands,G653
grant,G653
granted,G653
granting,G653
grants,G653
graph,G610
graphic,G612
graphic's,G612
graphics,G612
grateful,G631
grave,G610
great,G630
greater,G636
greatest,G632
greatly,G634
green,G650
grew,G600
grind,G653
grinding,G653
grinds,G653
gross,G620
gross's,G622
grosses,G622
ground,G653
ground's,G653
grounds,G653
group,G610
group's,G612
groups,G612
grow,G600
growing,G652
grown,G650
grows,G620
growth,G630
guarantee,G653
guaranteed,G653
guaranteeing,G653
guarantees,G653
guard,G630
guess,G200
guessed,G230
guesses,G220
guessing,G252
guide,G300
gun,G500
guy,G000
habit,H130
habit's,H132
habits,H132
hack,H220
had,H300
hair,H600
half,H410
hall,H400
hand,H530
hand's,H532
handed,H533
handing,H535
handle,H534
handled,H534
handles,H534
handling,H534
hands,H532
handy,H530
hang,H520
hanged,H523
hanging,H525
hangs,H522
happen,H150
happened,H153
happening,H155
happens,H152
happily,H140
happy,H100
hard,H630
harder,H636
hardest,H632
hardly,H634
hardware,H636
harm,H650
harmful,H651
harmless,H654
has,H200
hat,H300
hate,H300
have,H100
having,H152
he,H000
he's,H200
head,H300
head's,H320
headed,H330
header,H360
heading,H352
heads,H320
health,H430
healthy,H430
hear,H600
heard,H630
hearing,H652
hears,H620
heart,H630
heat,H300
heavily,H140
heavy,H100
held,H430
hell,H400
hello,H400
help,H410
helped,H413
helpful,H411
helping,H415
helps,H412
hence,H520
her,H600
here,H600
hereby,H610
herself,H624
hes,H200
hid,H300
hidden,H350
hide,H300
hides,H320
hiding,H352
high,H200
higher,H260
highest,H223
highly,H240
hill,H400
him,H500
himself,H524
hint,H530
hint's,H532
hints,H532
his,H200
historical,H236
history,H236
hit,H300
hit's,H320
hits,H320
hitting,H352
hold,H430
hold's,H432
holding,H435
holds,H432
hole,H400
hole's,H420
holes,H420
holiday,H430
holiday's,H432
holidays,H432
home,H500
honest,H523
hope,H100
hoped,H130
hopefully,H114
hopes,H120
hoping,H152
horrible,H614
horse,H620
horse's,H622
horses,H622
hospital,H213
host,H230
hot,H300
hotel,H340
hour,H600
hour's,H620
hours,H620
house,H200
how,H000
however,H160
huge,H200
human,H550
hundred,H536
hundred's,H536
hundreds,H536
hung,H520
hunt,H530
hurry,H600
husband,H215
ice,I200
idea,I300
idea's,I320
ideal,I340
ideas,I320
identical,I353
identify,I353
identity,I353
if,I100
ignore,I256
ignored,I256
ignores,I256
ignoring,I256
ill,I400
illegal,I424
image,I520
image's,I522
images,I522
imagination,I525
imagine,I525
immediate,I533
immediately,I533
impact,I512
implement,I514
implemented,I514
implementing,I514
implements,I514
implication,I514
implication's,I514
implications,I514
implied,I514
implies,I514
imply,I514
implying,I514
importance,I516
important,I516
importantly,I516
impose,I512
imposed,I512
imposes,I512
imposing,I512
impossible,I512
impression,I516
improve,I516
improved,I516
improvement,I516
improvement's,I516
improvements,I516
improves,I516
improving,I516
in,I500
inability,I514
inadequate,I532
inch,I520
inch's,I522
inches,I522
incident,I523
incidentally,I523
incline,I524
inclined,I524
inclines,I524
inclining,I524
include,I524
included,I524
includes,I524
including,I524
income,I525
incompatible,I525
incomplete,I525
inconsistent,I525
inconvenience,I525
incorrect,I526
increase,I526
increase's,I526
increased,I526
increases,I526
increasing,I526
indeed,I533
independent,I531
independently,I531
index,I532
indicate,I532
indicates,I532
indication,I532
individual,I531
individual's,I531
individually,I531
individuals,I531
industrial,I532
industry,I532
inevitably,I513
inferior,I516
infinite,I515
influence,I514
info,I510
inform,I516
information,I516
informed,I516
informing,I516
informs,I516
initial,I534
initial's,I534
initially,I534
initials,I534
inner,I560
innocent,I525
input,I513
inputs,I513
inputted,I513
inputting,I513
insert,I526
inserted,I526
inserting,I526
inserts,I526
inside,I523
insist,I522
insisted,I522
insisting,I522
insists,I522
install,I523
installed,I523
installing,I523
installs,I523
instance,I523
instant,I523
instantly,I523
instead,I523
institution,I523
institution's,I523
institutions,I523
instruction,I523
instruction's,I523
instructions,I523
insurance,I526
integer,I532
integer's,I532
integers,I532
integral,I532
intelligence,I534
intelligent,I534
intend,I535
intended,I535
intending,I535
intends,I535
intention,I535
interact,I536
interest,I536
interest's,I536
interested,I536
interesting,I536
interests,I536
interface,I536
internal,I536
international,I536
interpret,I536
interpretation,I536
interpreted,I536
interpreting,I536
interprets,I536
interval,I536
interval's,I536
intervals,I536
intervention,I536
into,I530
introduce,I536
introduced,I536
introduces,I536
introducing,I536
introduction,I536
invalid,I514
invariably,I516
invent,I515
invented,I515
inventing,I515
invents,I515
investigate,I512
invisible,I512
invitation,I513
invite,I513
invited,I513
invites,I513
inviting,I513
involve,I514
involved,I514
involves,I514
involving,I514
irrelevant,I641
irritate,I633
irritated,I633
irritates,I633
irritating,I633
is,I200
isolate,I243
isolated,I243
isolates,I243
isolating,I243
issue,I200
issue's,I220
issued,I230
issues,I220
issuing,I252
it,I300
it's,I320
item,I350
item's,I352
items,I352
its,I320
itself,I324
job,J100
job's,J120
jobs,J120
join,J500
joined,J530
joining,J552
joins,J520
joint,J530
joke,J200
joy,J000
judge,J320
jump,J510
jump's,J512
jumps,J512
junk,J520
just,J230
justification,J231
justified,J231
justifies,J231
justify,J231
justifying,J231
keen,K500
keep,K100
keep's,K120
keeping,K152
keeps,K120
kept,K130
key,K000
key's,K200
keyboard,K163
keys,K200
kid,K300
kill,K400
killed,K430
killing,K452
kills,K420
kind,K530
kind's,K532
kindly,K534
kinds,K532
king,K520
knew,K500
knock,K522
knocked,K522
knocking,K522
knocks,K522
know,K500
knowing,K552
knowledge,K543
known,K550
knows,K520
label,L140
label's,L142
labels,L142
laboratory,L163
lack,L220
lacked,L223
lacking,L225
lacks,L222
ladies,L320
lady,L300
lady's,L320
lain,L500
land,L530
landed,L533
landing,L535
lands,L532
language,L522
language's,L522
languages,L522
large,L620
largely,L624
larger,L626
largest,L622
last,L230
last's,L232
lasts,L232
late,L300
later,L360
latest,L323
latter,L360
law,L000
law's,L200
laws,L200
lay,L000
layout,L300
lazy,L200
leach,L200
lead,L300
lead's,L320
leaded,L330
leader,L360
leading,L352
leads,L320
leaf,L100
leaf's,L120
learn,L650
learning,L655
learns,L652
least,L230
leave,L100
leave's,L120
leaved,L130
leaves,L120
leaving,L152
lecture,L236
lecture's,L236
lectures,L236
led,L300
left,L130
leg,L200
leg's,L220
legal,L240
legally,L240
legs,L220
lend,L530
length,L523
less,L200
less's,L220
lesser,L260
lesson,L250
lesson's,L252
lessons,L252
let,L300
let's,L320
lets,L320
letter,L360
letter's,L362
letters,L362
letting,L352
level,L140
level's,L142
levels,L142
liable,L140
libraries,L166
library,L166
library's,L166
lie,L000
lie's,L200
lied,L300
lies,L200
life,L100
life's,L120
lifetime,L135
lift,L130
light,L230
light's,L232
lights,L232
like,L200
like's,L220
liked,L230
likely,L240
likes,L220
likewise,L220
liking,L252
limit,L530
limit's,L532
limited,L533
limiting,L535
limits,L532
line,L500
line's,L520
linear,L560
lines,L520
link,L520
link's,L522
linked,L523
linking,L525
links,L522
list,L230
list's,L232
listed,L233
listen,L235
listing,L235
lists,L232
literally,L364
literature,L363
little,L340
live,L100
lived,L130
lives,L120
living,L152
load,L300
loaded,L330
loading,L352
loads,L320
loan,L500
local,L240
location,L235
location's,L235
locations,L235
lock,L220
locked,L223
locking,L225
locks,L222
log,L200
log's,L220
logged,L230
logging,L252
logic,L220
logical,L224
logs,L220
long,L520
longer,L526
longest,L522
look,L200
look's,L220
looked,L230
looking,L252
looks,L220
loop,L100
loose,L200
lorries,L620
lorry,L600
lorry's,L620
lose,L200
loses,L220
losing,L252
loss,L200
lost,L230
lot,L300
lot's,L320
lots,L320
loudly,L340
love,L100
low,L000
lower,L600
lowest,L230
luck,L220
lucky,L220
lunch,L520
lying,L520
machine,M250
machine's,M252
machines,M252
mad,M300
made,M300
magic,M220
magnetic,M253
magnitude,M253
mail,M400
main,M500
mainly,M540
maintain,M535
maintained,M535
maintaining,M535
maintains,M535
major,M260
majority,M263
make,M200
make's,M220
makes,M220
making,M252
man,M500
man's,M520
manage,M520
managed,M523
manager,M526
manages,M522
managing,M525
manipulation,M514
manner,M560
manual,M540
manual's,M542
manuals,M542
many,M500
map,M100
march,M620
mark,M620
mark's,M622
marked,M623
market,M623
marking,M625
marks,M622
marriage,M620
marry,M600
mass,M200
massive,M210
master,M236
match,M320
match's,M322
matches,M322
material,M364
material's,M364
materials,M364
mathematical,M353
mathematics,M353
matter,M360
matter's,M362
matters,M362
maximum,M255
may,M000
maybe,M100
me,M000
mean,M500
mean's,M520
meaning,M552
meaning's,M552
meaningful,M552
meaningless,M552
meanings,M552
means,M520
meant,M530
measure,M260
measure's,M262
measured,M263
measures,M262
measuring,M265
mechanic,M252
mechanic's,M252
mechanics,M252
mechanism,M252
media,M300
medical,M324
medium,M350
medium's,M352
mediums,M352
meet,M300
meet's,M320
meeting,M352
meeting's,M352
meetings,M352
meets,M320
member,M516
member's,M516
members,M516
membership,M516
memory,M560
men,M500
mention,M535
mention's,M535
mentioned,M535
mentioning,M535
mentions,M535
mere,M600
merely,M640
merit,M630
merit's,M632
merits,M632
mess,M200
message,M220
message's,M222
messages,M222
messy,M200
met,M300
metal,M340
method,M330
method's,M332
methods,M332
middle,M340
midnight,M352
might,M230
mile,M400
mile's,M420
miles,M420
military,M436
military's,M436
million,M450
million's,M452
millions,M452
mind,M530
mind's,M532
minded,M533
minding,M535
minds,M532
mine,M500
minimal,M554
minimum,M555
minor,M560
minority,M563
minute,M530
minute's,M532
minutes,M532
mislead,M243
misleading,M243
misleads,M243
misled,M243
miss,M200
missed,M230
misses,M220
missing,M252
mistake,M232
mistake's,M232
mistaken,M232
mistakes,M232
mistaking,M232
mistook,M232
misunderstand,M253
misunderstanding,M253
misunderstands,M253
misunderstood,M253
misuse,M220
mix,M200
mixed,M230
mixes,M220
mixing,M252
mod,M300
mode,M300
model,M340
model's,M342
models,M342
modern,M365
modified,M313
modifies,M312
modify,M310
modifying,M315
moment,M553
money,M500
monitor,M536
month,M530
month's,M532
months,M532
moral,M640
more,M600
morning,M655
morning's,M655
mornings,M655
most,M230
mostly,M234
mother,M360
motion,M350
mouth,M300
move,M100
move's,M120
moved,M130
movement,M155
movement's,M155
movements,M155
moves,M120
movie,M100
moving,M152
much,M200
multiple,M431
music,M220
must,M230
my,M000
myself,M241
mysterious,M236
naive,N100
name,N500
name's,N520
named,N530
namely,N540
names,N520
naming,N552
nasty,N230
nation,N350
national,N354
natural,N364
naturally,N364
nature,N360
naughty,N230
near,N600
nearby,N610
nearer,N660
nearest,N623
nearly,N640
necessarily,N226
necessary,N226
necessity,N223
neck,N220
need,N300
need's,N320
needed,N330
needing,N352
needs,N320
negative,N231
neither,N360
nervous,N612
net,N300
network,N362
network's,N362
networks,N362
never,N160
nevertheless,N163
new,N000
news,N200
next,N230
nice,N200
nicer,N260
nicest,N223
night,N230
nine,N500
no,N000
nobody,N130
noise,N200
noisy,N200
none,N500
nonsense,N525
nor,N600
normal,N654
normally,N654
north,N630
not,N300
note,N300
note's,N320
noted,N330
notes,N320
nothing,N352
notice,N320
notice's,N322
noticed,N323
notices,N322
noticing,N325
notify,N310
noting,N352
novel,N140
now,N000
nowadays,N320
nowhere,N600
numb,N510
number,N516
number's,N516
numbers,N516
numbest,N512
numerical,N562
numerous,N562
obey,O100
object,O122
object's,O122
objected,O122
objecting,O122
objection,O122
objection's,O122
objections,O122
objects,O122
obscure,O122
observation,O126
observe,O126
observed,O126
observes,O126
observing,O126
obtain,O135
obtained,O135
obtaining,O135
obtains,O135
obvious,O112
obviously,O112
occasion,O225
occasion's,O225
occasional,O225
occasionally,O225
occasions,O225
occupied,O213
occupies,O212
occupy,O210
occupying,O215
occur,O260
occurred,O263
occurring,O265
occurs,O262
odd,O300
odds,O320
of,O100
off,O100
offer,O160
offer's,O162
offered,O163
offering,O165
offers,O162
office,O120
office's,O122
officer,O126
offices,O122
official,O124
often,O135
oh,O000
oil,O400
old,O430
older,O436
oldest,O432
omit,O530
omits,O532
omitted,O533
omitting,O535
on,O500
once,O520
one,O500
one's,O520
ones,O520
only,O540
onto,O530
open,O150
open's,O152
opened,O153
opening,O155
opens,O152
operate,O163
operated,O163
operates,O163
operating,O163
operation,O163
operation's,O163
operations,O163
operator,O163
operator's,O163
operators,O163
opinion,O155
opinion's,O155
opinions,O155
opportunities,O163
opportunity,O163
opportunity's,O163
oppose,O120
opposed,O123
opposes,O122
opposing,O125
opposite,O123
opposition,O123
option,O135
option's,O135
optional,O135
options,O135
or,O600
order,O636
order's,O636
ordered,O636
ordering,O636
orders,O636
ordinary,O635
origin,O625
original,O625
originally,O625
other,O360
others,O362
otherwise,O362
ought,O230
our,O600
ours,O620
ourselves,O624
out,O300
outer,O360
output,O313
outside,O323
over,O160
overall,O164
owe,O000
owed,O300
owes,O200
owing,O520
own,O500
owner,O560
owner's,O562
owners,O562
pack,P220
package,P222
package's,P222
packages,P222
packet,P223
page,P200
page's,P220
pages,P220
paid,P300
pain,P500
painful,P514
pair,P600
pair's,P620
pairs,P620
paper,P160
paper's,P162
papers,P162
paragraph,P626
parallel,P644
parent,P653
park,P620
part,P630
part's,P632
partial,P634
partially,P634
particular,P632
particularly,P632
parties,P632
partly,P634
parts,P632
party,P630
party's,P632
pass,P200
passed,P230
passes,P220
passing,P252
past,P230
patch,P320
path,P300
patient,P353
pattern,P365
pattern's,P365
patterns,P365
pause,P200
pay,P000
payed,P300
paying,P520
pays,P200
peace,P200
peak,P200
peculiar,P246
pen,P500
people,P140
per,P600
perfect,P612
perfectly,P612
perform,P616
performance,P616
performed,P616
performing,P616
performs,P616
perhaps,P612
period,P630
permanent,P655
permanently,P655
permission,P652
permit,P653
permits,P653
permitted,P653
permitting,P653
person,P625
person's,P625
personal,P625
personally,P625
persons,P625
persuade,P623
persuaded,P623
persuades,P623
persuading,P623
petrol,P364
phase,P200
phenomenon,P555
philosophy,P421
phone,P500
phrase,P620
phrase's,P622
phrases,P622
physical,P224
pi,P000
pick,P220
picked,P223
picking,P225
picks,P222
picture,P236
picture's,P236
pictures,P236
piece,P200
piece's,P220
pieces,P220
pile,P400
pint,P530
pipe,P100
place,P420
place's,P422
placed,P423
places,P422
placing,P425
plain,P450
plan,P450
plan's,P452
plane,P450
planet,P453
planned,P453
planning,P455
plans,P452
plant,P453
plastic,P423
play,P400
played,P430
playing,P452
plays,P420
plea,P400
pleasant,P425
please,P420
pleased,P423
pleases,P422
pleasing,P425
plenty,P453
plot,P430
plot's,P432
plots,P432
plug,P420
plus,P420
pocket,P223
poem,P500
poet,P300
point,P530
point's,P532
pointed,P533
pointing,P535
pointless,P534
points,P532
police,P420
police's,P422
policies,P422
policy,P420
policy's,P422
political,P432
poll,P400
pool,P400
poor,P600
pop,P100
popular,P146
population,P143
port,P630
position,P235
position's,P235
positions,P235
positive,P231
possibilities,P214
possibility,P214
possibility's,P214
possible,P214
possibly,P214
post,P230
posted,P233
posting,P235
postmaster,P235
posts,P232
potential,P353
potentially,P353
pound,P530
pound's,P532
pounds,P532
power,P600
power's,P620
powerful,P614
powers,P620
practical,P623
practically,P623
practice,P623
precise,P622
precisely,P622
prefer,P616
preferable,P616
preferably,P616
preference,P616
preferred,P616
preferring,P616
prefers,P616
preparation,P616
prepare,P616
prepared,P616
prepares,P616
preparing,P616
presence,P625
present,P625
present's,P625
presented,P625
presenting,P625
presents,P625
preserve,P626
president,P623
press,P620
pressed,P623
presses,P622
pressing,P625
pressure,P626
presumably,P625
presume,P625
pretty,P630
prevent,P615
prevented,P615
preventing,P615
prevents,P615
previous,P612
previously,P612
price,P620
price's,P622
prices,P622
primary,P656
prime,P650
primitive,P653
principle,P652
principle's,P652
principles,P652
print,P653
printed,P653
printer,P653
printer's,P653
printers,P653
printing,P653
printout,P653
prints,P653
prior,P660
private,P613
probably,P611
problem,P614
problem's,P614
problems,P614
procedure,P623
process,P622
process's,P622
processed,P622
processes,P622
processing,P622
processor,P622
processor's,P622
processors,P622
produce,P632
produced,P632
produces,P632
producing,P632
product,P632
product's,P632
production,P632
products,P632
professional,P612
program,P626
program's,P626
programmed,P626
programmer,P626
programmer's,P626
programmers,P626
programming,P626
programs,P626
progress,P626
project,P622
project's,P622
projects,P622
promise,P652
promised,P652
promises,P652
promising,P652
prompt,P651
promptly,P651
prone,P650
proof,P610
proper,P616
properly,P616
properties,P616
property,P616
property's,P616
proportion,P616
proposal,P612
propose,P612
proposed,P612
proposes,P612
proposing,P612
prospect,P621
protect,P632
protected,P632
protecting,P632
protection,P632
protects,P632
protest,P632
prove,P610
proved,P613
proves,P612
provide,P613
provided,P613
provides,P613
providing,P613
proving,P615
public,P142
publication,P142
publicity,P142
publicly,P142
publish,P142
published,P142
publishes,P142
publishing,P142
pull,P400
pulled,P430
pulling,P452
pulls,P420
punctuation,P523
puncture,P523
purchase,P622
pure,P600
purely,P640
purpose,P612
purpose's,P612
purposes,P612
push,P200
pushed,P230
pushes,P220
pushing,P252
put,P300
put's,P320
puts,P320
putt,P300
putted,P330
putting,P352
putts,P320
qualified,Q413
qualifies,Q412
qualify,Q410
qualifying,Q415
quality,Q430
quantities,Q533
quantity,Q533
quantity's,Q533
quarter,Q636
question,Q235
question's,Q235
questions,Q235
queue,Q000
quick,Q220
quicker,Q226
quickest,Q222
quickly,Q224
quiet,Q300
quietly,Q340
quit,Q300
quite,Q300
quits,Q320
quitting,Q352
quote,Q300
quote's,Q320
quoted,Q330
quotes,Q320
quoting,Q352
race,R200
radio,R300
rain,R500
raise,R200
raised,R230
raises,R220
raising,R252
ran,R500
random,R535
randomly,R535
range,R520
rapid,R130
rapidly,R134
rare,R600
rarely,R640
rate,R300
rate's,R320
rates,R320
rather,R360
raw,R000
re,R000
reach,R200
reach's,R220
reached,R230
reaches,R220
reaching,R252
react,R230
reaction,R235
read,R300
read's,R320
readable,R314
reader,R360
reader's,R362
readers,R362
readily,R340
reading,R352
reads,R320
ready,R300
real,R400
reality,R430
really,R400
reason,R250
reason's,R252
reasonable,R251
reasonably,R251
reasons,R252
recall,R240
receive,R210
received,R213
receives,R212
receiving,R215
recent,R253
recently,R253
reception,R213
recognition,R225
recommend,R255
recommendation,R255
recommended,R255
recommending,R255
recommends,R255
record,R263
record's,R263
recorded,R263
recording,R263
records,R263
recover,R216
recovered,R216
recovering,R216
recovers,R216
red,R300
reduce,R320
reduced,R323
reduces,R322
reducing,R325
reduction,R323
redundant,R353
refer,R160
reference,R165
reference's,R165
references,R165
referred,R163
referring,R165
refers,R162
reflect,R142
reflected,R142
reflecting,R142
reflection,R142
reflects,R142
refuse,R120
refused,R123
refuses,R122
refusing,R125
regard,R263
regarded,R263
regarding,R263
regardless,R263
regards,R263
region,R250
register,R223
registered,R223
registering,R223
registers,R223
regret,R263
regular,R246
regularly,R246
regulation,R243
regulation's,R243
regulations,R243
reject,R223
rejected,R223
rejecting,R223
rejects,R223
relate,R430
related,R433
relates,R432
relating,R435
relation,R435
relationship,R435
relative,R431
relatively,R431
release,R420
release's,R422
released,R423
releases,R422
releasing,R425
relevance,R415
relevant,R415
reliable,R414
religion,R425
religious,R422
religious's,R422
reluctant,R423
rely,R400
remain,R550
remained,R553
remaining,R555
remains,R552
remark,R562
remark's,R562
remarks,R562
remember,R551
remembered,R551
remembering,R551
remembers,R551
remind,R553
reminded,R553
reminding,R553
reminds,R553
remote,R530
remotely,R534
removal,R514
remove,R510
removed,R513
removes,R512
removing,R515
repair,R160
repeat,R130
repeated,R133
repeatedly,R133
repeating,R135
repeats,R132
replace,R142
replaced,R142
replacement,R142
replaces,R142
replacing,R142
replied,R143
replies,R142
reply,R140
reply's,R142
replying,R145
report,R163
report's,R163
reported,R163
reporting,R163
reports,R163
represent,R162
representation,R162
representative,R162
represented,R162
representing,R162
represents,R162
reproduce,R163
request,R223
request's,R223
requested,R223
requesting,R223
requests,R223
require,R260
required,R263
requirement,R265
requirement's,R265
requirements,R265
requires,R262
requiring,R265
research,R262
reserve,R261
reserved,R261
reserves,R261
reserving,R261
resident,R235
resolution,R243
resort,R263
resource,R262
resource's,R262
resources,R262
respect,R212
respect's,R212
respectively,R212
respects,R212
respond,R215
response,R215
response's,R215
responses,R215
responsibility,R215
responsible,R215
rest,R230
restart,R236
restore,R236
restored,R236
restores,R236
restoring,R236
restrict,R236
restricted,R236
restricting,R236
restricts,R236
result,R243
result's,R243
resulted,R243
resulting,R243
results,R243
retain,R350
return,R365
return's,R365
returned,R365
returning,R365
returns,R365
reveal,R140
revealed,R143
revealing,R145
reveals,R142
reverse,R162
review,R100
rewrite,R630
rid,R300
ridding,R352
ride,R300
ridiculous,R324
rids,R320
right,R230
right's,R232
rights,R232
ring,R520
rise,R200
risk,R220
river,R160
road,R300
role,R400
roll,R400
room,R500
room's,R520
rooms,R520
root,R300
rough,R200
roughly,R240
round,R530
route,R300
routine,R350
row,R000
rubber,R160
rubbish,R120
rule,R400
rule's,R420
rules,R420
run,R500
run's,R520
running,R552
runs,R520
rush,R200
sad,S300
sadly,S340
safe,S100
safely,S140
safer,S160
safest,S123
safety,S130
said,S300
saint,S530
sake,S200
sale,S400
sale's,S420
sales,S420
same,S500
sample,S514
sat,S300
satisfied,S321
satisfies,S321
satisfy,S321
satisfying,S321
save,S100
saved,S130
saves,S120
saving,S152
saw,S000
say,S000
saying,S520
says,S200
scale,S240
scan,S250
scene,S250
scheme,S250
school,S240
school's,S242
schools,S242
science,S252
science's,S252
sciences,S252
scientific,S253
score,S260
score's,S262
scores,S262
scrap,S261
scratch,S263
screen,S265
screen's,S265
screens,S265
script,S261
search,S620
searched,S623
searches,S622
searching,S625
season,S250
second,S253
second's,S253
secondary,S253
secondly,S253
seconds,S253
secret,S263
secretary,S263
section,S235
section's,S235
sections,S235
secure,S260
security,S263
see,S000
see's,S200
seeing,S520
seek,S200
seeking,S252
seeks,S220
seem,S500
seemed,S530
seeming,S552
seems,S520
seen,S500
sees,S200
select,S423
selected,S423
selecting,S423
selection,S423
selects,S423
self,S410
sell,S400
selling,S452
sells,S420
seminar,S556
send,S530
sending,S535
sends,S532
senior,S560
sense,S520
sensible,S521
sensibly,S521
sensitive,S523
sent,S530
sentence,S535
sentence's,S535
sentences,S535
separate,S163
separately,S163
sequence,S252
sequence's,S252
sequences,S252
serial,S640
series,S620
serious,S620
seriously,S624
serve,S610
serve's,S612
served,S613
server,S616
serves,S612
service,S612
service's,S612
services,S612
serving,S615
session,S250
session's,S252
sessions,S252
set,S300
set's,S320
sets,S320
setting,S352
settle,S340
settled,S343
settles,S342
settling,S345
seven,S150
several,S164
severe,S160
severely,S164
sex,S200
shall,S400
shame,S500
shape,S100
share,S600
share's,S620
shared,S630
shares,S620
sharing,S652
sharp,S610
she,S000
sheet,S300
shelf,S410
shell,S400
shift,S130
ship,S100
shoot,S300
shop,S100
shopped,S130
shopping,S152
shops,S120
short,S630
shortage,S632
shorter,S636
shortest,S632
shortly,S634
should,S430
show,S000
show's,S200
showed,S300
showing,S520
shown,S500
shows,S200
shut,S300
shuts,S320
shutting,S352
side,S300
side's,S320
sides,S320
sight,S230
sign,S250
sign's,S252
signal,S254
signal's,S254
signals,S254
signed,S253
significance,S251
significant,S251
significantly,S251
signing,S255
signs,S252
silly,S400
similar,S546
similarly,S546
simple,S514
simpler,S514
simplest,S514
simply,S514
simultaneous,S543
simultaneously,S543
since,S520
sincerely,S526
single,S524
sit,S300
site,S300
site's,S320
sites,S320
sits,S320
sitting,S352
situation,S335
situation's,S335
situations,S335
six,S200
size,S200
size's,S220
sizes,S220
skill,S240
skill's,S242
skills,S242
sleep,S410
slight,S423
slightly,S423
slip,S410
slow,S400
slower,S460
slowest,S423
slowly,S440
small,S540
smaller,S546
smallest,S542
smile,S540
smooth,S530
so,S000
social,S240
society,S230
soft,S130
software,S136
sold,S430
solely,S440
solid,S430
solution,S435
solution's,S435
solutions,S435
solve,S410
solved,S413
solves,S412
solving,S415
some,S500
somebody,S513
somehow,S500
someone,S550
someplace,S514
something,S535
sometime,S535
sometimes,S535
somewhat,S530
somewhere,S560
son,S500
soon,S500
sooner,S560
soonest,S523
sophisticate,S123
sophisticated,S123
sophisticates,S123
sophisticating,S123
sorry,S600
sort,S630
sort's,S632
sorted,S633
sorting,S635
sorts,S632
sought,S230
sound,S530
sound's,S532
sounded,S533
sounding,S535
sounds,S532
source,S620
source's,S622
sources,S622
south,S300
southern,S365
space,S120
space's,S122
spaces,S122
spare,S160
speak,S120
speaker,S126
speaker's,S126
speakers,S126
speaking,S125
speaks,S122
special,S124
specially,S124
specific,S121
specifically,S121
specified,S121
specifies,S121
specify,S121
specifying,S121
speech,S120
speed,S130
spell,S140
spelling,S145
spells,S142
spend,S153
spending,S153
spends,S153
spent,S153
spirit,S163
spite,S130
split,S143
splits,S143
splitting,S143
spoke,S120
spoken,S125
spot,S130
spots,S132
spotted,S133
spotting,S135
spread,S163
spreading,S163
spreads,S163
spring,S165
square,S260
stable,S314
staff,S310
stage,S320
stage's,S322
stages,S322
stand,S353
stand's,S353
standard,S353
standard's,S353
standards,S353
standing,S353
stands,S353
start,S363
start's,S363
started,S363
starting,S363
starts,S363
state,S330
state's,S332
stated,S333
statement,S335
statement's,S335
statements,S335
states,S332
stating,S335
station,S335
station's,S335
stations,S335
statistic,S332
statistic's,S332
statistical,S332
statistics,S332
status,S332
stay,S300
stayed,S330
staying,S352
stays,S320
steal,S340
step,S310
stick,S322
sticking,S322
sticks,S322
still,S340
stock,S322
stone,S350
stone's,S352
stones,S352
stood,S330
stop,S310
stop's,S312
stopped,S313
stopping,S315
stops,S312
storage,S362
store,S360
stored,S363
stores,S362
storing,S365
story,S360
straight,S362
straightforward,S362
strange,S365
strategy,S363
stream,S365
street,S363
strength,S365
strict,S362
strictly,S362
strike,S362
strike's,S362
strikes,S362
striking,S362
string,S365
string's,S365
strings,S365
strong,S365
strongly,S365
struck,S362
structure,S362
structure's,S362
structures,S362
stuck,S322
student,S335
student's,S335
students,S335
studied,S333
studies,S332
study,S330
study's,S332
studying,S335
stuff,S310
stupid,S313
style,S340
subject,S122
subject's,S122
subjects,S122
submit,S153
submits,S153
submitted,S153
submitting,S153
subsequent,S122
subset,S123
substantial,S123
substitute,S123
subtle,S134
succeed,S230
success,S220
successful,S221
successfully,S221
such,S200
sudden,S350
suddenly,S354
suffer,S160
suffered,S163
suffering,S165
suffers,S162
suffice,S120
sufficient,S125
sufficiently,S125
sugar,S260
suggest,S223
suggested,S223
suggesting,S223
suggestion,S223
suggestion's,S223
suggestions,S223
suggests,S223
suit,S300
suitable,S314
suitably,S314
suited,S330
suiting,S352
suits,S320
sum,S500
summary,S560
summer,S560
sun,S500
superior,S166
supervisor,S161
supplied,S143
supplies,S142
supply,S140
supply's,S142
supplying,S145
support,S163
supported,S163
supporting,S163
supports,S163
suppose,S120
supposed,S123
supposedly,S123
supposes,S122
supposing,S125
sure,S600
surely,S640
surface,S612
surprise,S616
surprised,S616
surprises,S616
surprising,S616
survey,S610
survive,S611
survived,S611
survives,S611
surviving,S611
suspect,S212
suspected,S212
suspecting,S212
suspects,S212
suspend,S215
suspended,S215
suspending,S215
suspends,S215
suspicion,S212
switch,S320
switch's,S322
switched,S323
switches,S322
switching,S325
symbol,S514
symbol's,S514
symbols,S514
syntax,S532
system,S235
system's,S235
systems,S235
table,T140
table's,T142
tables,T142
take,T200
take's,T220
taken,T250
takes,T220
taking,T252
talk,T420
talk's,T422
talked,T423
talking,T425
talks,T422
tank,T520
tank's,T522
tanks,T522
tape,T100
tape's,T120
tapes,T120
target,T623
task,T220
task's,T222
tasks,T222
taste,T230
taught,T230
tax,T200
tea,T000
teach,T200
teacher,T260
teaches,T220
teaching,T252
team,T500
technical,T252
technique,T252
technique's,T252
techniques,T252
technology,T254
tedious,T320
teeth,T300
telephone,T415
television,T412
tell,T400
telling,T452
tells,T420
temperature,T516
temporarily,T516
temporary,T516
ten,T500
tend,T530
tendency,T535
tends,T532
term,T650
term's,T652
terminal,T655
terminal's,T655
terminals,T655
terminology,T655
terms,T652
terribly,T614
test,T230
test's,T232
tested,T233
testing,T235
tests,T232
text,T230
than,T500
thank,T520
thanks,T522
that,T300
that's,T320
the,T000
their,T600
them,T500
themselves,T524
then,T500
theoretical,T632
theory,T600
there,T600
there's,T620
thereby,T610
therefore,T616
these,T200
they,T000
thin,T500
thing,T520
thing's,T522
things,T522
think,T520
thinking,T525
thinks,T522
third,T630
this,T200
thoroughly,T624
those,T200
though,T200
thought,T230
thought's,T232
thoughts,T232
thousand,T253
thousand's,T253
thousands,T253
threat,T630
three,T600
threw,T600
through,T620
throughout,T623
throw,T600
throwing,T652
thrown,T650
throws,T620
thus,T200
ticket,T223
ticket's,T223
tickets,T223
tie,T000
tie's,T200
tied,T300
ties,T200
tight,T230
till,T400
time,T500
time's,T520
timed,T530
times,T520
timing,T552
tin,T500
title,T340
title's,T342
titles,T342
to,T000
today,T300
together,T236
token,T250
told,T430
tomorrow,T560
tonight,T523
too,T000
took,T200
tooth,T300
tooth's,T320
top,T100
topic,T120
topic's,T122
topics,T122
total,T340
totally,T340
touch,T200
touched,T230
touches,T220
touching,T252
toward,T630
towards,T632
town,T500
trace,T620
track,T622
track's,T622
tracks,T622
traditional,T633
traffic,T612
train,T650
trained,T653
training,T655
trains,T652
transfer,T652
transferred,T652
transferring,T652
transfers,T652
translate,T652
translated,T652
translates,T652
translating,T652
translation,T652
transport,T652
trap,T610
trapped,T613
trapping,T615
traps,T612
trash,T620
travel,T614
treat,T630
treated,T633
treating,T635
treatment,T635
treats,T632
tree,T600
tree's,T620
trees,T620
trial,T640
trick,T622
tried,T630
tries,T620
trip,T610
trivial,T614
trouble,T614
truck,T622
truck's,T622
trucks,T622
TRUE,T000
truly,T640
trunk,T652
trust,T623
trusted,T623
trusting,T623
trusts,T623
truth,T630
try,T600
try's,T620
trying,T652
tune,T500
turn,T650
turn's,T652
turned,T653
turning,T655
turns,T652
twelve,T410
twenty,T530
twice,T200
two,T000
tying,T520
type,T100
type's,T120
typed,T130
types,T120
typical,T124
typing,T152
ugly,U240
ultimate,U435
ultimately,U435
unable,U514
unacceptable,U521
unaware,U560
uncertain,U526
unclear,U524
under,U536
undergraduate,U536
undergraduate's,U536
undergraduates,U536
underneath,U536
understand,U536
understanding,U536
understands,U536
understood,U536
unfortunate,U516
unfortunately,U516
unhappy,U510
uniform,U516
unique,U520
unit,U530
unit's,U532
unite,U530
units,U532
universal,U516
universities,U516
university,U516
university's,U516
unknown,U525
unless,U542
unlike,U542
unlikely,U542
unlimited,U545
unnecessarily,U522
unnecessary,U522
unpleasant,U514
unreasonable,U562
unsuitable,U523
until,U534
unusual,U524
unwanted,U553
up,U100
update,U133
updated,U133
updates,U133
updating,U133
upon,U150
upper,U160
upset,U123
upsets,U123
upsetting,U123
upwards,U163
us,U200
usage,U220
use,U200
use's,U220
used,U230
useful,U214
useless,U242
user,U260
user's,U262
users,U262
uses,U220
using,U252
usual,U240
usually,U240
utility,U343
utterly,U364
vacation,V235
vacation's,V235
vacations,V235
vague,V200
vaguely,V240
valid,V430
validity,V433
valuable,V414
value,V400
value's,V420
values,V420
van,V500
vans,V520
variable,V614
variable's,V614
variables,V614
variation,V635
varied,V630
varies,V620
variety,V630
various,V620
vary,V600
varying,V652
vast,V230
vastly,V234
vector,V236
version,V625
version's,V625
versions,V625
very,V600
via,V000
vice,V200
video,V300
view,V000
view's,V200
views,V200
virtually,V634
virtue,V630
visible,V214
vision,V250
visit,V230
vital,V340
voice,V200
volume,V450
vote,V300
vote's,V320
votes,V320
wait,W300
waited,W330
waiting,W352
waits,W320
walk,W420
walked,W423
walking,W425
walks,W422
wall,W400
wall's,W420
walls,W420
want,W530
want's,W532
wanted,W533
wanting,W535
wants,W532
war,W600
warm,W650
warn,W650
warned,W653
warning,W655
warns,W652
was,W200
wash,W200
waste,W230
wasted,W233
wastes,W232
wasting,W235
watch,W320
watched,W323
watches,W322
watching,W325
water,W360
way,W000
way's,W200
ways,W200
we,W000
weapon,W150
wear,W600
wearing,W652
wears,W620
weather,W360
week,W200
week's,W220
weekend,W253
weeks,W220
weight,W230
weird,W630
welcome,W425
welcomed,W425
welcomes,W425
welcoming,W425
well,W400
went,W530
were,W600
west,W230
western,W236
what,W300
whatever,W316
whatsoever,W321
wheel,W400
wheel's,W420
wheels,W420
when,W500
whenever,W516
where,W600
whereas,W620
whereby,W610
wherever,W616
whether,W360
which,W200
while,W400
whilst,W423
white,W300
who,W000
whoever,W160
whole,W400
whom,W500
whose,W200
why,W000
wide,W300
widely,W340
wider,W360
widespread,W321
widest,W323
wife,W100
wild,W430
will,W400
willed,W430
willing,W452
wills,W420
win,W500
wind,W530
window,W530
window's,W532
windows,W532
wine,W500
winning,W552
wins,W520
winter,W536
wire,W600
wise,W200
wish,W200
wish's,W220
wished,W230
wishes,W220
wishing,W252
with,W300
withdraw,W336
within,W350
without,W330
woman,W550
woman's,W552
women,W550
won,W500
won's,W520
wonder,W536
wondered,W536
wonderful,W536
wondering,W536
wonders,W536
wooden,W350
word,W630
word's,W632
worded,W633
wording,W635
words,W632
wore,W600
work,W620
work's,W622
worked,W623
worker,W626
worker's,W626
workers,W626
working,W625
works,W622
world,W643
worn,W650
worried,W630
worries,W620
worry,W600
worrying,W652
worse,W620
worst,W623
worth,W630
worthwhile,W634
worthy,W630
would,W430
write,W630
writer,W636
writes,W632
writing,W635
written,W635
wrong,W652
wrote,W630
year,Y600
year's,Y620
years,Y620
yellow,Y400
yes,Y200
yesterday,Y236
yet,Y300
you,Y000
young,Y520
young's,Y522
your,Y600
yours,Y620
yourself,Y624
zero,Z600
i,I000
